DBN,SCHOOL NAME,Num of SAT Test Takers,SAT Critical Reading Avg. Score,SAT Math Avg. Score,SAT Writing Avg. Score,SAT Critical Readng Avg. Score,internal_school_id,contact_extension,pct_students_tested,academic_tier_rating
01M292,HENRY STREET SCHOOL FOR INTERNATIONAL STUDIES,29,355,404,363,355,218160,x345,78%,2
01M448,UNIVERSITY NEIGHBORHOOD HIGH SCHOOL,91,383,423,366,383,268547,x234,N/A,3
01M450,EAST SIDE COMMUNITY SCHOOL,70,377,402,370,377,236446,x123,N/A,3
01M458,FORSYTH SATELLITE ACADEMY,7,414,401,359,414,427826,x123,92%,4
01M509,MARTA VALLE HIGH SCHOOL,44,390,433,384,390,672714,x123,92%,2
01M515,LOWER EAST SIDE PREPARATORY HIGH SCHOOL,112,332,557,316,332,414951,x345,N/A,3
01M539,"NEW EXPLORATIONS INTO SCIENCE, TECHNOLOGY AND MATH HIGH SCHOOL",159,522,574,525,522,697107,,78%,2
01M650,CASCADES HIGH SCHOOL,18,417,418,411,417,297600,,92%,4
01M696,BARD HIGH SCHOOL EARLY COLLEGE,130,624,604,628,624,881396,x234,N/A,
02M047,47 THE AMERICAN SIGN LANGUAGE AND ENGLISH SECONDARY SCHOOL,16,395,400,387,395,751293,,78%,4
02M288,FOOD AND FINANCE HIGH SCHOOL,62,409,393,392,409,366268,,92%,
02M294,ESSEX STREET ACADEMY,53,394,384,378,394,782993,x345,78%,4
02M296,HIGH SCHOOL OF HOSPITALITY MANAGEMENT,58,374,375,362,374,828714,,92%,3
02M298,PACE HIGH SCHOOL,85,423,438,432,423,778948,x345,78%,2
02M300,"URBAN ASSEMBLY SCHOOL OF DESIGN AND CONSTRUCTION, THE",48,404,449,416,404,107670,x345,92%,
02M303,"FACING HISTORY SCHOOL, THE",76,353,358,340,353,612918,,N/A,
02M305,"URBAN ASSEMBLY ACADEMY OF GOVERNMENT AND LAW, THE",50,375,388,385,375,746648,,85%,
02M308,LOWER MANHATTAN ARTS ACADEMY,40,403,392,405,403,642722,x123,N/A,4
02M313,"JAMES BALDWIN SCHOOL, THE: A SCHOOL FOR EXPEDITIONARY LEARNING",69,408,390,390,408,981746,x123,N/A,2
02M316,"URBAN ASSEMBLY SCHOOL OF BUSINESS FOR YOUNG WOMEN, THE",42,373,370,384,373,183677,x123,92%,
02M374,GRAMERCY ARTS HIGH SCHOOL,60,391,391,394,391,104952,x234,85%,
02M376,NYC ISCHOOL,92,473,483,479,473,553041,x345,78%,4
02M392,MANHATTAN BUSINESS ACADEMY,s,s,s,s,s,501072,,85%,
02M393,BUSINESS OF SPORTS SCHOOL,s,s,s,s,s,143204,x234,N/A,2
02M394,EMMA LAZARUS HIGH SCHOOL,79,319,512,357,319,356123,x345,78%,2
02M399,THE HIGH SCHOOL FOR LANGUAGE AND DIPLOMACY,s,s,s,s,s,371710,x123,85%,
02M400,HIGH SCHOOL FOR ENVIRONMENTAL STUDIES,263,465,493,461,465,449778,,N/A,2
02M407,INSTITUTE FOR COLLABORATIVE EDUCATION,54,492,465,467,492,992626,,85%,
02M408,PROFESSIONAL PERFORMING ARTS HIGH SCHOOL,94,509,490,523,509,765316,x234,92%,1
02M411,BARUCH COLLEGE CAMPUS HIGH SCHOOL,104,496,563,518,496,381202,,N/A,3
02M412,N.Y.C. LAB SCHOOL FOR COLLABORATIVE STUDIES,114,537,590,550,537,425108,x345,92%,4
02M413,SCHOOL OF THE FUTURE HIGH SCHOOL,66,517,533,515,517,319140,x234,85%,3
02M414,N.Y.C. MUSEUM SCHOOL,103,468,492,459,468,414827,x234,92%,1
02M416,ELEANOR ROOSEVELT HIGH SCHOOL,127,572,594,592,572,799903,x345,92%,2
02M418,MILLENNIUM HIGH SCHOOL,144,528,553,533,528,848911,x123,85%,2
02M419,LANDMARK HIGH SCHOOL,62,390,399,381,390,166135,x123,78%,2
02M420,HIGH SCHOOL FOR HEALTH PROFESSIONS AND HUMAN SERVICES,336,429,449,428,429,909712,x345,92%,3
02M425,LEADERSHIP AND PUBLIC SERVICE HIGH SCHOOL,84,416,426,391,416,436071,x234,92%,4
02M427,MANHATTAN ACADEMY FOR ARTS & LANGUAGE,s,s,s,s,s,521180,x234,N/A,4
02M429,LEGACY SCHOOL FOR INTEGRATED STUDIES,29,356,357,349,356,536177,,92%,1
02M437,HUDSON HIGH SCHOOL OF LEARNING TECHNOLOGIES,s,s,s,s,s,254767,x345,N/A,2
02M438,INTERNATIONAL HIGH SCHOOL AT UNION SQUARE,s,s,s,s,s,259655,x123,78%,1
02M439,MANHATTAN VILLAGE ACADEMY,95,441,473,458,441,190235,,85%,1
02M440,BAYARD RUSTIN EDUCATIONAL COMPLEX,59,378,365,368,378,649686,x234,92%,2
02M449,VANGUARD HIGH SCHOOL,72,395,416,388,395,320922,x345,85%,4
02M459,MANHATTAN INTERNATIONAL HIGH SCHOOL,49,376,460,391,376,563511,,85%,3
02M460,WASHINGTON IRVING HIGH SCHOOL,151,373,387,360,373,717859,x123,78%,3
02M473,WASHINGTON IRVING YABC,s,s,s,s,s,563977,x345,92%,3
02M475,STUYVESANT HIGH SCHOOL,832,679,735,682,679,295947,,N/A,4
02M489,HIGH SCHOOL OF ECONOMICS AND FINANCE,167,443,489,442,443,775466,x234,92%,4
02M500,UNITY CENTER FOR URBAN TECHNOLOGIES,25,370,349,351,370,560831,x123,N/A,
02M519,TALENT UNLIMITED HIGH SCHOOL,81,469,472,475,469,641361,x345,N/A,
02M520,MURRY BERGTRAUM HIGH SCHOOL FOR BUSINESS CAREERS,264,407,440,393,407,892839,,92%,2
02M529,JACQUELINE KENNEDY ONASSIS HIGH SCHOOL,131,414,425,400,414,643403,x123,85%,4
02M531,REPERTORY COMPANY HIGH SCHOOL FOR THEATRE ARTS,42,429,404,420,429,630240,x345,N/A,
02M542,MANHATTAN BRIDGES HIGH SCHOOL,66,336,378,344,336,794996,x123,85%,
02M543,NEW DESIGN HIGH SCHOOL,73,391,395,382,391,246078,x234,78%,2
02M544,INDEPENDENCE HIGH SCHOOL,14,389,371,335,389,657823,x345,85%,3
02M545,HIGH SCHOOL FOR DUAL LANGUAGE AND ASIAN STUDIES,78,412,581,431,412,216576,x234,78%,1
02M550,LIBERTY HIGH SCHOOL ACADEMY FOR NEWCOMERS,26,368,436,352,368,651973,x123,78%,4
02M551,THE URBAN ASSEMBLY NEW YORK HARBOR SCHOOL,77,405,423,384,405,527749,x345,92%,3
02M560,HIGH SCHOOL M560 s CITY AS SCHOOL,56,498,440,477,498,785873,x345,85%,4
02M565,URBAN ACADEMY LABORATORY HIGH SCHOOL,30,527,508,512,527,660366,x123,85%,4
02M570,SATELLITE ACADEMY HIGH SCHOOL,33,350,337,345,350,875682,x345,85%,1
02M575,MANHATTAN COMPREHENSIVE NIGHT AND DAY HIGH SCHOOL,121,345,517,343,345,683603,x123,78%,1
02M580,RICHARD R. GREEN HIGH SCHOOL OF TEACHING,84,408,384,403,408,947461,x234,N/A,4
02M586,HARVEY MILK HIGH SCHOOL,9,458,416,429,458,392545,,85%,4
02M600,THE HIGH SCHOOL OF FASHION INDUSTRIES,335,423,423,411,423,894293,x123,78%,1
02M605,HUMANITIES PREPARATORY ACADEMY,36,426,403,426,426,930254,x345,N/A,1
02M615,CHELSEA CAREER AND TECHNICAL EDUCATION HIGH SCHOOL,83,399,418,390,399,477516,x234,92%,4
02M620,NORMAN THOMAS HIGH SCHOOL,154,370,379,359,370,655935,x345,N/A,
02M625,HIGH SCHOOL OF GRAPHIC COMMUNICATION ARTS,191,395,382,376,395,754225,x234,N/A,2
02M630,ART AND DESIGN HIGH SCHOOL,270,444,441,430,444,850641,x234,85%,
02M655,LIFE SCIENCES SECONDARY SCHOOL,61,409,424,403,409,885497,x345,92%,2
03M283,MANHATTAN THEATRE LAB HIGH SCHOOL,27,406,379,408,406,413786,x234,85%,3
03M299,"HIGH SCHOOL FOR ARTS, IMAGINATION AND INQUIRY",49,374,384,374,374,737942,x234,N/A,1
03M307,"URBAN ASSEMBLY SCHOOL FOR MEDIA STUDIES, THE",41,384,390,370,384,448562,x345,78%,4
03M402,THE URBAN ASSEMBLY SCHOOL FOR GREEN CAREERS,s,s,s,s,s,699396,x345,78%,3
03M403,THE GLOBAL LEARNING COLLABORATIVE,s,s,s,s,s,453954,x345,78%,1
03M404,INNOVATION DIPLOMA PLUS,12,416,403,381,416,954823,x345,92%,4
03M415,WADLEIGH SECONDARY SCHOOL FOR THE PERFORMING & VISUAL ARTS,32,371,850,370,371,365679,,78%,4
03M417,FRANK MCCOURT HIGH SCHOOL,s,s,s,s,s,355018,x345,85%,4
03M470,LOUIS D. BRANDEIS HIGH SCHOOL,131,370,390,358,370,731158,x234,N/A,4
03M479,BEACON HIGH SCHOOL,261,577,575,592,577,678328,x234,92%,2
03M485,FIORELLO H. LAGUARDIA HIGH SCHOOL OF MUSIC & ART AND PERFORMING ARTS,531,566,564,577,566,567972,x345,92%,3
03M492,"HIGH SCHOOL FOR LAW, ADVOCACY AND COMMUNITY JUSTICE",66,396,398,402,396,778640,x345,92%,2
03M494,HIGH SCHOOL OF ARTS AND TECHNOLOGY,75,433,433,411,433,921952,,85%,1
03M505,EDWARD A. REYNOLDS WEST SIDE HIGH SCHOOL,35,401,369,351,401,635847,x234,92%,3
03M541,MANHATTAN / HUNTER SCIENCE HIGH SCHOOL,111,473,506,467,473,955192,x123,78%,2
03M577,YOUNG ADULT BOROUGH CENTER AT LOUIS D. BRANDEIS HS,s,s,s,s,s,412494,,85%,2
03M860,FREDERICK DOUGLASS ACADEMY II SECONDARY SCHOOL,43,356,379,361,356,503561,x345,92%,2
04M409,COALITION SCHOOL FOR SOCIAL CHANGE,48,354,357,373,354,379117,x123,92%,3
04M435,MANHATTAN CENTER FOR SCIENCE AND MATHEMATICS,375,461,514,455,461,292563,x123,85%,1
04M495,PARK EAST HIGH SCHOOL,51,373,379,376,373,671970,,N/A,2
04M555,CENTRAL PARK EAST HIGH SCHOOL,73,405,421,395,405,970677,x345,78%,2
04M610,YOUNG WOMEN'S LEADERSHIP SCHOOL,70,432,446,448,432,880781,x234,92%,1
04M635,ACADEMY OF ENVIRONMENTAL SCIENCE SECONDARY HIGH SCHOOL,48,369,369,357,369,968745,x234,92%,2
04M680,"HERITAGE SCHOOL, THE",31,358,351,345,358,141965,,78%,3
05M285,HARLEM RENAISSANCE HIGH SCHOOL,29,357,318,333,357,737575,x234,92%,3
05M304,MOTT HALL HIGH SCHOOL,54,413,399,398,413,296405,x123,78%,2
05M362,"COLUMBIA SECONDARY SCHOOL FOR MATH, SCIENCE, AND ENGINEERING",s,s,s,s,s,206377,x234,N/A,4
05M367,ACADEMY FOR SOCIAL ACTION: A COLLEGE BOARD SCHOOL,33,354,366,342,354,680647,x345,78%,3
05M369,URBAN ASSEMBLY SCHOOL FOR THE PERFORMING ARTS,56,360,353,364,360,442306,x234,85%,3
05M469,CHOIR ACADEMY OF HARLEM,20,354,360,385,354,594021,x234,85%,4
05M499,FREDERICK DOUGLASS ACADEMY,214,458,474,442,458,813534,x123,92%,1
05M670,THURGOOD MARSHALL ACADEMY FOR LEARNING AND SOCIAL CHANGE,66,396,402,404,396,530977,x345,92%,3
05M685,BREAD & ROSES INTEGRATED ARTS HIGH SCHOOL,61,369,361,355,369,371377,x123,N/A,
05M692,"HIGH SCHOOL FOR MATHEMATICS, SCIENCE AND ENGINEERING AT CITY COLLEGE",101,605,654,588,605,302370,,78%,1
06M293,CITY COLLEGE ACADEMY OF THE ARTS,60,408,446,416,408,604767,x234,N/A,3
06M346,COMMUNITY HEALTH ACADEMY OF THE HEIGHTS,55,362,376,367,362,654733,,N/A,2
06M348,WASHINGTON HEIGHTS EXPEDITIONARY LEARNING SCHOOL,70,380,395,399,380,339162,x123,78%,1
06M423,HIGH SCHOOL FOR EXCELLENCE AND INNOVATION,s,s,s,s,s,973050,x123,92%,
06M457,GEORGE WASHINGTON YABC,7,394,357,346,394,381754,,92%,4
06M462,HIGH SCHOOL FOR INTERNATIONAL BUSINESS AND FINANCE,76,365,384,378,365,933430,,N/A,
06M463,HIGH SCHOOL FOR MEDIA AND COMMUNICATIONS,63,369,380,349,369,131970,x123,92%,3
06M467,HIGH SCHOOL FOR LAW AND PUBLIC SERVICE,94,363,378,361,363,344969,x234,78%,2
06M468,HIGH SCHOOL FOR HEALTH CAREERS AND SCIENCES,24,400,422,402,400,842071,x123,78%,1
06M540,A. PHILIP RANDOLPH CAMPUS HIGH SCHOOL,228,430,456,423,430,547675,x123,78%,3
06M552,GREGORIO LUPERON HIGH SCHOOL FOR SCIENCE AND MATHEMATICS,56,339,349,326,339,603045,,78%,2
07X221,SOUTH BRONX PREPARATORY: A COLLEGE BOARD SCHOOL,65,364,378,348,364,277389,x345,92%,
07X321,CROTONA ACADEMY HIGH SCHOOL,9,379,364,382,379,821462,,92%,4
07X334,INTERNATIONAL COMMUNITY HIGH SCHOOL,34,310,324,311,310,791798,,85%,4
07X379,JILL CHAIFETZ TRANSFER HIGH SCHOOL,s,s,s,s,s,282379,x345,92%,
07X381,BRONX HAVEN HIGH SCHOOL,s,s,s,s,s,540360,x234,78%,4
07X427,COMMUNITY SCHOOL FOR SOCIAL JUSTICE,43,361,359,357,361,460390,x234,92%,1
07X473,MOTT HAVEN VILLAGE PREPARATORY HIGH SCHOOL,63,351,375,371,351,922114,x345,78%,1
07X495,UNIVERSITY HEIGHTS SECONDARY SCHOOL,79,403,394,404,403,913548,x234,85%,3
07X500,HOSTOSsLINCOLN ACADEMY OF SCIENCE,66,420,426,411,420,852272,x123,85%,2
07X520,FOREIGN LANGUAGE ACADEMY OF GLOBAL STUDIES,64,399,396,391,399,458204,x345,N/A,3
07X527,BRONX LEADERSHIP ACADEMY II HIGH SCHOOL,62,362,378,363,362,553153,x345,N/A,4
07X547,NEW EXPLORERS HIGH SCHOOL,28,367,356,361,367,113401,x123,92%,
07X548,URBAN ASSEMBLY SCHOOL FOR CAREERS IN SPORTS,44,387,411,383,387,875037,x345,N/A,2
07X551,BRONX ACADEMY OF LETTERS,51,413,381,407,413,412580,x234,92%,3
07X600,ALFRED E. SMITH CAREER AND TECHNICAL EDUCATION HIGH SCHOOL,76,394,400,364,394,327975,x123,78%,1
07X655,SAMUEL GOMPERS CAREER AND TECHNICAL EDUCATION HIGH SCHOOL,47,398,416,370,398,723932,,N/A,1
07X670,HEALTH OPPORTUNITIES HIGH SCHOOL,114,363,368,364,363,599605,x345,85%,
08X269,BRONX STUDIO SCHOOL FOR WRITERS AND ARTISTS,s,s,s,s,s,720196,x345,92%,
08X282,WOMEN'S ACADEMY OF EXCELLENCE,44,407,386,378,407,620873,x345,N/A,2
08X293,RENAISSANCE HIGH SCHOOL FOR MUSICAL THEATER & TECHNOLOGY,52,384,385,389,384,908269,x123,78%,2
08X295,GATEWAY SCHOOL FOR ENVIRONMENTAL RESEARCH AND TECHNOLOGY,41,416,390,394,416,939020,,78%,
08X305,PABLO NERUDA ACADEMY FOR ARCHITECTURE AND WORLD STUDIES,67,337,361,340,337,159654,x123,78%,2
08X312,MILLENNIUM ART ACADEMY,67,387,402,375,387,635239,x234,78%,1
08X332,HOLCOMBE L. RUCKER SCHOOL OF COMMUNITY RESEARCH,39,363,371,350,363,953485,x123,78%,1
08X367,"ARCHIMEDES ACADEMY FOR MATH, SCIENCE AND TECHNOLOGY APPLICATIONS",s,s,s,s,s,386522,x234,85%,1
08X376,"ANTONIA PANTOJA PREPARATORY ACADEMY, A COLLEGE BOARD SCHOOL",s,s,s,s,s,314160,,N/A,3
08X377,BRONX COMMUNITY HIGH SCHOOL,9,367,369,376,367,146673,x123,N/A,
08X405,HERBERT H. LEHMAN HIGH SCHOOL,415,412,436,393,412,534496,x234,92%,2
08X408,HERBERT H. LEHMAN YABC,6,402,373,413,402,399276,x123,85%,2
08X432,BRONX BRIDGES HIGH SCHOOL,s,s,s,s,s,108789,,78%,1
08X452,BRONX GUILD,39,369,371,365,369,915453,x234,N/A,1
08X507,STEVENSON YABC,s,s,s,s,s,115369,,85%,
08X519,"FELISA RINCON DE GAUTIER INSTITUTE FOR LAW AND PUBLIC POLICY, THE",68,373,370,356,373,719359,,N/A,3
08X530,BANANA KELLY HIGH SCHOOL,54,373,381,377,373,189134,x345,92%,3
08X537,BRONX ARENA HIGH SCHOOL,s,s,s,s,s,285492,x234,78%,2
08X540,SCHOOL FOR COMMUNITY RESEARCH AND LEARNING,16,366,400,368,366,504978,,78%,4
08X560,HIGH SCHOOL X560 s BRONX ACADEMY HIGH SCHOOL,9,404,368,399,404,906309,x234,78%,2
08X650,JANE ADDAMS HIGH SCHOOL FOR ACADEMIC CAREERS,78,377,359,376,377,411110,x234,78%,
09X227,BRONX EXPEDITIONARY LEARNING HIGH SCHOOL,39,324,376,349,324,958742,x123,92%,
09X231,EAGLE ACADEMY FOR YOUNG MEN,78,373,387,374,373,831788,x123,78%,4
09X239,"URBAN ASSEMBLY ACADEMY FOR HISTORY AND CITIZENSHIP FOR YOUNG MEN, THE",33,372,355,357,372,746616,x345,85%,4
09X241,"URBAN ASSEMBLY SCHOOL FOR APPLIED MATH AND SCIENCE, THE",80,411,464,415,411,430330,x234,85%,2
09X250,EXIMIUS COLLEGE PREPARATORY ACADEMY: A COLLEGE BOARD SCHOOL,50,393,394,382,393,183756,x345,78%,4
09X252,MOTT HALL BRONX HIGH SCHOOL,67,369,367,356,369,183078,x345,85%,4
09X260,BRONX CENTER FOR SCIENCE AND MATHEMATICS,81,459,480,457,459,840464,x234,85%,
09X263,VALIDUS PREPARATORY ACADEMY: AN EXPEDITIONARY LEARNING SCHOOL,74,356,363,356,356,250874,x123,92%,
09X276,LEADERSHIP INSTITUTE,30,361,353,367,361,601974,x234,85%,3
09X297,MORRIS ACADEMY FOR COLLABORATIVE STUDIES,38,386,386,376,386,593297,x123,92%,1
09X324,BRONX EARLY COLLEGE ACADEMY FOR TEACHING & LEARNING,s,s,s,s,s,120251,x234,85%,3
09X329,DREAMYARD PREPARATORY SCHOOL,51,382,365,391,382,559037,x234,85%,4
09X365,ACADEMY FOR LANGUAGE AND TECHNOLOGY,54,315,339,297,315,289455,,N/A,1
09X403,BRONX INTERNATIONAL HIGH SCHOOL,49,314,312,339,314,792726,x345,78%,4
09X404,SCHOOL FOR EXCELLENCE,32,363,360,351,363,738581,x234,85%,2
09X412,BRONX HIGH SCHOOL OF BUSINESS,34,356,376,351,356,160081,x234,85%,1
09X413,BRONX HIGH SCHOOL FOR MEDICAL SCIENCE,64,400,419,402,400,769242,,92%,4
09X414,JONATHAN LEVIN HIGH SCHOOL FOR MEDIA AND COMMUNICATIONS,35,379,364,379,379,270670,x123,85%,2
09X505,"BRONX SCHOOL FOR LAW, GOVERNMENT AND JUSTICE",80,404,418,402,404,568598,x345,N/A,4
09X517,FREDERICK DOUGLASS ACADEMY III SECONDARY SCHOOL,50,368,384,369,368,898217,x345,85%,3
09X525,BRONX LEADERSHIP ACADEMY HIGH SCHOOL,114,384,394,388,384,906925,x234,92%,1
09X543,HIGH SCHOOL FOR VIOLIN AND DANCE,27,353,315,371,353,788221,x345,85%,
10X141,RIVERDALE / KINGSBRIDGE ACADEMY (MIDDLE SCHOOL / HIGH SCHOOL 141),113,438,455,440,438,718131,x123,78%,
10X213,BRONX ENGINEERING AND TECHNOLOGY ACADEMY,86,373,412,365,373,163342,x345,N/A,4
10X225,THEATRE ARTS PRODUCTION COMPANY SCHOOL,59,405,-10,394,405,827176,x345,78%,
10X237,"THE MARIE CURIE SCHOOL FOR MEDICINE, NURSING, AND HEALTH PROFESSIONS",79,382,393,382,382,652542,x345,78%,1
10X243,WEST BRONX ACADEMY FOR THE FUTURE,26,382,406,370,382,532813,x123,92%,2
10X268,KINGSBRIDGE INTERNATIONAL HIGH SCHOOL,52,304,356,302,304,127586,x234,92%,2
10X284,BRONX SCHOOL OF LAW AND FINANCE,54,402,395,385,402,105294,x123,N/A,2
10X319,PROVIDING URBAN LEARNERS SUCCESS IN EDUCATION HIGH SCHOOL,s,s,s,s,s,172549,x345,92%,
10X342,INTERNATIONAL SCHOOL FOR LIBERAL ARTS,49,300,333,301,300,421471,x123,78%,
10X368,INsTECH ACADEMY (M.S. / HIGH SCHOOL 368),111,390,408,383,390,503135,,85%,3
10X374,KNOWLEDGE AND POWER PREPARATORY ACADEMY INTERNATIONAL HIGH SCHOOL (KAPPA),61,392,401,387,392,909525,x345,N/A,2
10X397,ENGLISH LANGUAGE LEARNERS AND INTERNATIONAL SUPPORT PREPARATORY ACADEMY (ELLIS),38,343,356,330,343,567351,x123,78%,
10X433,HIGH SCHOOL FOR TEACHING AND THE PROFESSIONS,57,370,371,365,370,538852,x345,85%,1
10X434,BELMONT PREPARATORY HIGH SCHOOL,51,404,418,400,404,730850,,78%,
10X437,FORDHAM HIGH SCHOOL FOR THE ARTS,48,355,350,372,355,438977,,85%,
10X438,FORDHAM LEADERSHIP ACADEMY FOR BUSINESS AND TECHNOLOGY,63,367,385,367,367,918302,x345,78%,4
10X439,BRONX HIGH SCHOOL FOR LAW AND COMMUNITY SERVICE,65,366,364,352,366,869041,x234,N/A,2
10X440,DEWITT CLINTON HIGH SCHOOL,443,419,426,410,419,367828,x234,85%,
10X442,"CELIA CRUZ BRONX HIGH SCHOOL OF MUSIC, THE",52,423,420,427,423,202180,x345,N/A,1
10X445,BRONX HIGH SCHOOL OF SCIENCE,731,632,688,649,632,816688,,N/A,
10X475,JOHN F. KENNEDY HIGH SCHOOL,109,351,362,339,351,828171,x345,78%,3
10X477,MARBLE HILL HIGH SCHOOL FOR INTERNATIONAL STUDIES,99,414,435,414,414,782106,x345,78%,3
10X478,LEARNING TO WORK GED AT JOHN F. KENNEDY,s,s,s,s,s,405704,x345,85%,
10X546,BRONX THEATRE HIGH SCHOOL,68,348,362,354,348,794120,x345,78%,4
10X549,DISCOVERY HIGH SCHOOL,55,372,379,364,372,410088,x234,N/A,
10X660,GRACE DODGE CAREER AND TECHNICAL EDUCATION HIGH SCHOOL,73,362,382,356,362,370212,,85%,
10X667,GRACE DODGE YABC,10,350,356,317,350,220963,x345,N/A,4
10X696,HIGH SCHOOL OF AMERICAN STUDIES AT LEHMAN COLLEGE,92,636,648,636,636,276137,x345,N/A,1
11X249,BRONX HEALTH SCIENCES HIGH SCHOOL,74,370,381,382,370,264250,,N/A,4
11X253,BRONX HIGH SCHOOL FOR WRITING AND COMMUNICATION ARTS,46,400,357,390,400,176092,x123,N/A,3
11X265,BRONX LAB SCHOOL,81,377,391,367,377,350123,x123,78%,4
11X270,ACADEMY FOR SCHOLARSHIP AND ENTREPRENEURSHIP: A COLLEGE BOARD SCHOOL,56,386,394,361,386,112591,x234,85%,3
11X275,HIGH SCHOOL OF COMPUTERS AND TECHNOLOGY,72,381,376,354,381,244509,x123,N/A,3
11X288,COLLEGIATE INSTITUTE FOR MATH AND SCIENCE,97,444,471,433,444,929871,,92%,3
11X290,BRONX ACADEMY OF HEALTH CAREERS,69,387,365,383,387,465490,x345,78%,4
11X299,ASTOR COLLEGIATE ACADEMY,60,387,391,391,387,421151,x345,92%,
11X415,CHRISTOPHER COLUMBUS HIGH SCHOOL,121,367,361,353,367,222860,x345,N/A,
11X417,YOUNG ADULT BOROUGH CNTR CHRISTOPHER COLUMBUS HS,s,s,s,s,s,766286,x123,92%,4
11X418,BRONX HIGH SCHOOL FOR THE VISUAL ARTS,48,419,433,416,419,754398,x345,78%,
11X455,HARRY S TRUMAN HIGH SCHOOL,189,386,397,368,386,913285,x234,78%,1
11X456,LEARNING TO WORK YABC AT TRUMAN HIGH SCHOOL,s,s,s,s,s,436202,,N/A,4
11X513,NEW WORLD HIGH SCHOOL,72,332,381,335,332,406117,x345,78%,3
11X514,THE BRONXWOOD PREPARATORY ACADEMY,48,377,372,363,377,364885,,85%,2
11X541,GLOBAL ENTERPRISE HIGH SCHOOL,57,372,382,375,372,781847,x234,85%,4
11X542,PELHAM PREPARATORY ACADEMY,76,431,438,419,431,229514,,N/A,2
11X544,HIGH SCHOOL FOR CONTEMPORARY ARTS,55,383,378,365,383,330785,,92%,4
11X545,BRONX AEROSPACE HIGH SCHOOL,46,388,393,382,388,312943,x234,N/A,2
12X245,NEW DAY ACADEMY,25,348,344,354,348,827833,x234,85%,2
12X248,"METROPOLITAN HIGH SCHOOL, THE",49,347,367,341,347,653086,,85%,1
12X251,EXPLORATIONS ACADEMY,57,381,381,360,381,183547,x345,N/A,2
12X262,PERFORMANCE CONSERVATORY HIGH SCHOOL,30,361,353,360,361,105176,x123,85%,
12X267,BRONX LATIN,36,408,432,411,408,871863,,85%,1
12X271,EAST BRONX ACADEMY FOR THE FUTURE,46,366,378,358,366,267221,,N/A,3
12X278,PEACE AND DIVERSITY ACADEMY,34,390,401,364,390,461474,,85%,3
12X388,PAN AMERICAN INTERNATIONAL HIGH SCHOOL AT MONROE,30,321,351,298,321,963012,x234,85%,3
12X428,LEARNING TO WORK YABC AT MONROE ACADEMY,s,s,s,s,s,714682,x123,92%,
12X446,ARTURO A. SCHOMBURG SATELLITE ACADEMY BRONX,14,380,372,349,380,744847,x123,78%,4
12X478,THE CINEMA SCHOOL,s,s,s,s,s,153298,x345,85%,
12X479,BRONX CAREER AND COLLEGE PREPARATORY HIGH SCHOOL,s,s,s,s,s,454198,x123,85%,1
12X480,BRONX REGIONAL HIGH SCHOOL,16,398,385,398,398,820126,x123,N/A,3
12X550,HIGH SCHOOL OF WORLD CULTURES,42,304,323,312,304,502593,x234,85%,3
12X682,FANNIE LOU HAMER FREEDOM HIGH SCHOOL,72,342,346,341,342,620341,,N/A,3
12X684,WINGS ACADEMY,66,378,374,362,378,622580,x345,N/A,
12X690,MONROE ACADEMY FOR BUSINESS/LAW,31,375,387,376,375,489113,x123,92%,2
12X692,MONROE ACADEMY FOR VISUAL ARTS & DESIGN,43,332,357,349,332,120278,x234,N/A,2
13K265,DR. SUSAN S. MCKINNEY SECONDARY SCHOOL OF THE ARTS,29,352,349,373,352,428147,,N/A,1
13K336,ACADEMY OF BUSINESS AND COMMUNITY DEVELOPMENT,9,439,374,418,439,854662,x345,78%,2
13K350,URBAN ASSEMBLY HIGH SCHOOL OF MUSIC AND ART,52,360,364,356,360,185326,x123,78%,1
13K412,"BROOKLYN COMMUNITY HIGH SCHOOL OF COMMUNICATION, ARTS AND MEDIA",37,375,355,384,375,714886,,78%,3
13K419,"SCIENCE SKILLS CENTER HIGH SCHOOL FOR SCIENCE, TECHNOLOGY AND THE CREATIVE ARTS",92,399,417,395,399,160939,x234,92%,3
13K430,BROOKLYN TECHNICAL HIGH SCHOOL,1277,587,659,587,587,898973,x234,N/A,4
13K439,BROOKLYN INTERNATIONAL HIGH SCHOOL,90,305,364,312,305,220419,,N/A,
13K483,THE URBAN ASSEMBLY SCHOOL FOR LAW AND JUSTICE,105,400,417,389,400,702270,x234,92%,2
13K499,ACORN COMMUNITY HIGH SCHOOL,72,384,364,368,384,987014,x234,92%,1
13K509,FREEDOM ACADEMY HIGH SCHOOL,29,400,390,403,400,856792,x345,N/A,3
13K527,URBAN ASSEMBLY INSTITUTE OF MATH AND SCIENCE FOR YOUNG WOMEN,s,s,s,s,s,993861,x123,78%,2
13K553,BROOKLYN ACADEMY HIGH SCHOOL,8,435,383,379,435,967293,x345,N/A,2
13K575,BEDFORD STUYVESANT PREPARATORY HIGH SCHOOL,13,398,391,394,398,684044,x345,92%,1
13K595,BEDFORD ACADEMY HIGH SCHOOL,89,438,443,431,438,805113,,85%,
13K605,GEORGE WESTINGHOUSE CAREER AND TECHNICAL EDUCATION HIGH SCHOOL,85,406,391,392,406,937579,x234,N/A,
13K616,BROOKLYN HIGH SCHOOL FOR LEADERSHIP AND COMMUNITY SERVICE,s,s,s,s,s,628368,,85%,
13K670,BENJAMIN BANNEKER ACADEMY,185,471,472,448,471,578072,x345,N/A,3
13K674,"CITY POLYTECHNIC HIGH SCHOOL OF ENGINEERING, ARCHITECTURE, AND TECHNOLOGY",20,441,499,413,441,760103,x123,N/A,1
14K071,JUAN MOREL CAMPOS SECONDARY SCHOOL,102,365,361,359,365,257116,x123,78%,4
14K322,FOUNDATIONS ACADEMY,s,s,s,s,s,685517,x345,85%,
14K404,ACADEMY FOR YOUNG WRITERS,68,387,357,381,387,994723,x345,78%,
14K449,"BROOKLYN LATIN SCHOOL, THE",72,586,584,570,586,384706,x345,78%,2
14K454,GREEN SCHOOL: AN ACADEMY FOR ENVIRONMENTAL CAREERS,41,407,386,396,407,806744,x234,N/A,3
14K474,PROGRESS HIGH SCHOOL FOR PROFESSIONAL CAREERS,144,364,379,371,364,445223,x234,78%,4
14K477,SCHOOL FOR LEGAL STUDIES,134,413,396,395,413,809381,x345,78%,1
14K478,"THE HIGH SCHOOL FOR ENTERPRISE, BUSINESS AND TECHNOLOGY",142,398,421,396,398,758599,x345,78%,4
14K488,BROOKLYN PREPARATORY HIGH SCHOOL,42,367,373,350,367,954096,x345,78%,4
14K558,WILLIAMSBURG HIGH SCHOOL FOR ARCHITECTURE AND DESIGN,72,363,385,364,363,887022,x234,N/A,4
14K561,WILLIAMSBURG PREPARATORY SCHOOL,113,397,410,380,397,515769,,85%,2
14K586,LYONS COMMUNITY SCHOOL,31,371,377,355,371,205730,,92%,1
14K610,AUTOMOTIVE HIGH SCHOOL,94,367,376,350,367,168856,x123,85%,3
14K632,FRANCES PERKINS ACADEMY,12,382,372,368,382,770235,x345,78%,3
14K685,EL PUENTE ACADEMY FOR PEACE AND JUSTICE,28,359,335,341,359,688392,x345,92%,4
14K923,AUTOMOTIVE HIGH SCHOOL YABC,s,s,s,s,s,486066,x123,85%,
15K429,BROOKLYN SCHOOL FOR GLOBAL STUDIES,52,361,367,383,361,718798,x234,92%,1
15K448,BROOKLYN SECONDARY SCHOOL FOR COLLABORATIVE STUDIES,76,393,399,387,393,724775,x234,N/A,3
15K462,SECONDARY SCHOOL FOR LAW,59,398,411,394,398,637125,x123,N/A,3
15K463,SECONDARY SCHOOL FOR JOURNALISM,58,397,391,381,397,702205,x123,N/A,4
15K464,PARK SLOPE COLLEGIATE,72,379,416,380,379,681987,x345,85%,1
15K497,SCHOOL FOR INTERNATIONAL STUDIES,64,405,415,392,405,713236,x123,85%,4
15K519,COBBLE HILL SCHOOL OF AMERICAN STUDIES,77,398,402,385,398,716876,,N/A,
15K520,PACIFIC HIGH SCHOOL,9,352,341,300,352,619586,x345,92%,4
15K529,WEST BROOKLYN COMMUNITY HIGH SCHOOL,s,s,s,s,s,101855,x123,N/A,4
15K530,METROPOLITAN CORPORATE ACADEMY HIGH SCHOOL,28,368,365,368,368,660911,x345,85%,4
15K656,BROOKLYN HIGH SCHOOL OF THE ARTS,141,426,999,411,426,642190,,N/A,
15K667,SUNSET PARK HIGH SCHOOL,s,s,s,s,s,355095,,N/A,
15K698,SOUTH BROOKLYN COMMUNITY HIGH SCHOOL,8,430,416,425,430,203427,x345,92%,2
16K393,FREDERICK DOUGLASS ACADEMY IV SECONDARY SCHOOL,20,355,355,358,355,773581,x234,N/A,4
16K455,BOYS AND GIRLS HIGH SCHOOL,131,365,370,362,365,573714,x123,78%,4
16K498,BROOKLYN HIGH SCHOOL FOR LAW AND TECHNOLOGY,46,362,372,358,362,669948,x123,78%,2
16K594,GOTHAM PROFESSIONAL ARTS ACADEMY,36,370,372,351,370,147508,x123,N/A,2
16K688,THE BROOKLYN ACADEMY OF GLOBAL FINANCE,s,s,s,s,s,521978,x345,85%,3
17K382,ACADEMY FOR COLLEGE PREPARATION AND CAREER EXPLORATION: A COLLEGE BOARD SCHOOL,59,396,374,369,396,641887,x234,92%,4
17K408,ACADEMY OF HOSPITALITY AND TOURISM,57,352,342,351,352,770770,x234,85%,3
17K467,ERASMUS YABC,s,s,s,s,s,703472,,N/A,4
17K489,W.E.B. DUBOIS ACADEMIC HIGH SCHOOL,7,394,364,334,394,974876,x123,85%,1
17K524,INTERNATIONAL HIGH SCHOOL AT PROSPECT HEIGHTS,71,287,335,291,287,753042,x234,85%,
17K528,THE HIGH SCHOOL FOR GLOBAL CITIZENSHIP,46,403,385,388,403,963941,x123,N/A,4
17K531,"SCHOOL FOR HUMAN RIGHTS, THE",35,348,381,359,348,626205,x123,85%,4
17K533,SCHOOL FOR DEMOCRACY AND LEADERSHIP,38,377,404,372,377,534601,x123,78%,4
17K537,HIGH SCHOOL FOR YOUTH AND COMMUNITY DEVELOPMENT AT ERASMUS,73,338,349,340,338,613892,x234,85%,1
17K539,HIGH SCHOOL FOR SERVICE & LEARNING AT ERASMUS,61,362,375,368,362,513499,,78%,3
17K543,"SCIENCE, TECHNOLOGY AND RESEARCH EARLY COLLEGE HIGH SCHOOL AT ERASMUS",69,457,462,441,457,999398,x345,85%,
17K544,INTERNATIONAL ARTS BUSINESS SCHOOL,54,386,391,369,386,637954,x234,78%,2
17K546,HIGH SCHOOL FOR PUBLIC SERVICE: HEROES OF TOMORROW,79,418,441,414,418,936098,x345,N/A,2
17K547,BROOKLYN ACADEMY OF SCIENCE AND THE ENVIRONMENT,63,388,382,373,388,364993,,85%,2
17K548,BROOKLYN SCHOOL FOR MUSIC & THEATRE,48,385,393,373,385,932462,,78%,1
17K568,BROWNSVILLE ACADEMY HIGH SCHOOL,16,372,356,335,372,641859,x345,85%,3
17K590,MEDGAR EVERS COLLEGE PREPARATORY SCHOOL,165,476,481,479,476,761877,,78%,3
17K600,CLARA BARTON HIGH SCHOOL,259,425,413,413,425,876998,x345,85%,
17K625,PAUL ROBESON HIGH SCHOOL,53,365,363,355,365,976683,x234,92%,4
17K751,ACADEMY FOR HEALTH CAREERS,s,s,s,s,s,197845,x123,78%,1
18K563,IT TAKES A VILLAGE ACADEMY,56,313,320,330,313,418405,x345,85%,4
18K566,BROOKLYN GENERATION SCHOOL,29,374,377,394,374,912222,x123,N/A,1
18K567,BROOKLYN THEATRE ARTS HIGH SCHOOL,54,383,358,377,383,174472,x345,78%,1
18K569,KURT HAHN EXPEDITIONARY LEARNING SCHOOL,43,368,378,346,368,949243,x123,85%,2
18K576,VICTORY COLLEGIATE HIGH SCHOOL,63,387,377,379,387,412625,x234,85%,3
18K578,BROOKLYN BRIDGE ACADEMY,17,384,362,351,384,440929,,92%,2
18K589,ARTS & MEDIA PREPARATORY ACADEMY,48,361,360,359,361,238681,x234,N/A,
18K617,HIGH SCHOOL FOR INNOVATION IN ADVERTISING AND MEDIA,37,404,393,386,404,927628,,78%,3
18K629,CULTURAL ACADEMY FOR THE ARTS AND SCIENCES,33,393,395,381,393,827492,x345,85%,3
18K633,HIGH SCHOOL FOR MEDICAL PROFESSIONS,75,386,380,393,386,969796,x234,N/A,3
18K635,OLYMPUS ACADEMY,7,400,370,370,400,314591,,85%,4
18K637,ACADEMY FOR CONSERVATION AND THE ENVIRONMENT,35,363,381,367,363,483922,,78%,
18K642,URBAN ACTION ACADEMY,40,376,385,374,376,913691,,92%,2
18K673,EAST BROOKLYN COMMUNITY HIGH SCHOOL,12,410,403,378,410,102816,x234,78%,2
19K409,EAST NEW YORK FAMILY ACADEMY,54,416,432,394,416,839838,x345,85%,2
19K420,FRANKLIN K. LANE HIGH SCHOOL,s,s,s,s,s,134918,,78%,3
19K431,THOMAS JEFFERSON YABC,s,s,s,s,s,194950,x345,92%,2
19K502,FDNY HIGH SCHOOL FOR FIRE AND LIFE SAFETY,37,341,349,333,341,608509,x345,78%,4
19K504,HIGH SCHOOL FOR CIVIL RIGHTS,47,363,349,342,363,653979,x234,85%,1
19K507,PERFORMING ARTS AND TECHNOLOGY HIGH SCHOOL,61,380,386,383,380,785806,,N/A,1
19K510,WORLD ACADEMY FOR TOTAL COMMUNITY HEALTH HIGH SCHOOL,68,371,365,370,371,398688,x234,85%,3
19K583,MULTICULTURAL HIGH SCHOOL,29,279,322,286,279,122756,x345,78%,3
19K615,TRANSIT TECH CAREER AND TECHNICAL EDUCATION HIGH SCHOOL,182,395,418,380,395,132815,x234,78%,
19K618,ACADEMY OF INNOVATIVE TECHNOLOGY,60,371,371,354,371,965429,x123,78%,4
19K639,BROOKLYN LAB SCHOOL,57,360,385,363,360,869608,x345,85%,1
19K659,CYPRESS HILLS COLLEGIATE PREPARATORY SCHOOL,51,376,385,368,376,509280,x123,85%,1
19K660,W. H. MAXWELL CAREER AND TECHNICAL EDUCATION HIGH SCHOOL,74,370,369,363,370,323270,x345,78%,4
19K683,"THE SCHOOL FOR CLASSICS: AN ACADEMY OF THINKERS, WRITERS AND PERFORMERS",38,383,400,374,383,741399,x123,92%,4
20K445,NEW UTRECHT HIGH SCHOOL,456,402,471,399,402,364847,x123,85%,4
20K485,HIGH SCHOOL OF TELECOMMUNICATION ARTS AND TECHNOLOGY,238,425,474,424,425,938208,x234,N/A,4
20K490,FORT HAMILTON HIGH SCHOOL,694,417,478,411,417,379833,x123,85%,1
20K505,FRANKLIN DELANO ROOSEVELT HIGH SCHOOL,385,383,486,375,383,620218,x345,N/A,3
20K609,THE URBAN ASSEMBLY SCHOOL FOR CRIMINAL JUSTICE,s,s,s,s,s,263315,x123,78%,
20K658,FRANKLIN DELANO ROOSEVELT YABC,18,338,477,316,338,361605,,78%,3
21K337,INTERNATIONAL HIGH SCHOOL AT LAFAYETTE,54,326,386,314,326,795681,x345,85%,4
21K344,RACHEL CARSON HIGH SCHOOL FOR COASTAL STUDIES,54,402,427,408,402,422310,x234,92%,4
21K348,HIGH SCHOOL OF SPORTS MANAGEMENT,39,388,398,378,388,723511,x345,85%,4
21K410,ABRAHAM LINCOLN HIGH SCHOOL,475,396,437,393,396,846740,x123,78%,2
21K412/21K411,ABRAHAM LINCOLN YABC/LEARNING TO WORK GED AT ABRAHAM LINCOLN,s,s,s,s,s,411797,x123,78%,4
21K468,KINGSBOROUGH EARLY COLLEGE SCHOOL,s,s,s,s,s,569504,x345,78%,3
21K525,EDWARD R. MURROW HIGH SCHOOL,727,468,496,467,468,258009,x345,85%,1
21K540,JOHN DEWEY HIGH SCHOOL,448,404,468,390,404,475475,x345,92%,3
21K559,LIFE ACADEMY HIGH SCHOOL FOR FILM AND MUSIC,40,384,375,365,384,274893,x234,92%,2
21K572,EXPEDITIONARY LEARNING SCHOOL FOR COMMUNITY LEADERS,40,353,370,356,353,185479,x345,78%,1
21K620,WILLIAM E. GRADY CAREER AND TECHNICAL EDUCATION HIGH SCHOOL,95,394,414,376,394,192849,x345,N/A,1
21K690,BROOKLYN STUDIO SECONDARY SCHOOL,119,429,449,435,429,704701,x234,85%,2
21K728,LIBERATION DIPLOMA PLUS,10,411,369,373,411,502505,x123,85%,
22K405,MIDWOOD HIGH SCHOOL,824,478,519,476,478,332013,x234,N/A,
22K425,JAMES MADISON HIGH SCHOOL,518,436,475,439,436,327087,x234,92%,1
22K495,SHEEPSHEAD BAY HIGH SCHOOL,236,383,392,370,383,275480,x345,N/A,
22K535,LEON M. GOLDSTEIN HIGH SCHOOL FOR THE SCIENCES,259,524,561,542,524,667336,x123,92%,2
22K555,BROOKLYN COLLEGE ACADEMY,131,456,456,440,456,477867,x234,78%,4
23K493,BROOKLYN COLLEGIATE: A COLLEGE BOARD SCHOOL,60,389,409,387,389,638267,x345,85%,2
23K514,FREDERICK DOUGLASS ACADEMY VII HIGH SCHOOL,55,361,371,359,361,735951,x234,85%,3
23K643,BROOKLYN DEMOCRACY ACADEMY,11,349,338,331,349,452120,x123,78%,2
23K646,ASPIRATIONS DIPLOMA PLUS HIGH SCHOOL,7,311,371,311,311,160203,,78%,4
23K647,METROPOLITAN DIPLOMA PLUS HIGH SCHOOL,17,350,346,332,350,719582,x345,78%,
23K697,TEACHERS PREPARATORY HIGH SCHOOL,69,392,416,388,392,296255,x234,92%,1
24Q264,ACADEMY OF FINANCE AND ENTERPRISE,89,405,454,421,405,654836,,85%,
24Q267,HIGH SCHOOL OF APPLIED COMMUNICATION,39,406,413,400,406,554115,,85%,1
24Q293,CIVIC LEADERSHIP ACADEMY,69,404,429,407,404,596521,x345,85%,4
24Q296,PAN AMERICAN INTERNATIONAL HIGH SCHOOL,55,317,323,311,317,378878,,78%,1
24Q299,BARD HIGH SCHOOL EARLY COLLEGE II,155,545,568,550,545,362876,x345,78%,
24Q455,NEWTOWN HIGH SCHOOL,320,383,440,380,383,344317,x345,92%,4
24Q457,YOUNG ADULT BOROUGH CENTER AT ARTS AND BUSINESS HS,s,s,s,s,s,814224,x234,92%,3
24Q485,GROVER CLEVELAND HIGH SCHOOL,241,395,420,396,395,900889,,78%,2
24Q520,MIDDLE COLLEGE HIGH SCHOOL AT LAGUARDIA COMMUNITY COLLEGE,58,399,393,385,399,902216,x345,N/A,3
24Q530,INTERNATIONAL HIGH SCHOOL AT LAGUARDIA COMMUNITY COLLEGE,69,326,409,329,326,855084,x123,92%,4
24Q550,HIGH SCHOOL FOR ARTS AND BUSINESS,138,391,403,380,391,501780,x234,92%,2
24Q560,"ROBERT F. WAGNER, JR. SECONDARY SCHOOL FOR ARTS AND TECHNOLOGY",80,443,447,440,443,702975,x345,N/A,
24Q600,QUEENS VOCATIONAL AND TECHNICAL HIGH SCHOOL,155,417,447,406,417,683431,x234,N/A,4
24Q610,AVIATION CAREER & TECHNICAL EDUCATION HIGH SCHOOL,396,445,496,423,445,777331,,92%,3
24Q744,VOYAGES PREPARATORY,s,s,s,s,s,120268,x234,85%,
25Q252,"QUEENS SCHOOL OF INQUIRY, THE",58,455,498,443,455,333672,x123,78%,3
25Q263,FLUSHING INTERNATIONAL HIGH SCHOOL,45,314,417,318,314,416654,x234,N/A,1
25Q281,EASTsWEST SCHOOL OF INTERNATIONAL STUDIES,59,416,463,392,416,208611,x234,N/A,1
25Q285,WORLD JOURNALISM PREPARATORY: A COLLEGE BOARD SCHOOL,63,471,489,481,471,900895,x234,N/A,3
25Q425,JOHN BOWNE HIGH SCHOOL,558,397,451,395,397,636437,x345,78%,2
25Q460,FLUSHING HIGH SCHOOL,347,393,441,382,393,141602,x123,85%,1
25Q467,FLUSHING YABC,9,378,373,344,378,223328,x345,78%,4
25Q525,TOWNSEND HARRIS HIGH SCHOOL,278,621,651,638,621,362526,x123,78%,1
25Q540,QUEENS ACADEMY HIGH SCHOOL,17,398,382,388,398,661632,,N/A,2
25Q670,ROBERT F. KENNEDY COMMUNITY HIGH SCHOOL,99,431,458,441,431,591892,,92%,2
25Q792,NORTH QUEENS COMMUNITY HIGH SCHOOL,7,379,421,377,379,847586,,78%,1
26Q415,BENJAMIN N. CARDOZO HIGH SCHOOL,888,480,545,489,480,375591,x123,78%,4
26Q430,FRANCIS LEWIS HIGH SCHOOL,934,468,539,467,468,148605,x123,N/A,1
26Q435,MARTIN VAN BUREN HIGH SCHOOL,334,391,397,384,391,152888,x345,78%,3
26Q495,BAYSIDE HIGH SCHOOL,708,462,523,464,462,584531,x123,N/A,4
26Q566,"QUEENS HIGH SCHOOL OF TEACHING, LIBERAL ARTS AND THE SCIENCES",175,425,434,420,425,150229,x234,85%,4
27Q260,FREDERICK DOUGLASS ACADEMY VI HIGH SCHOOL,87,387,385,373,387,216311,x123,85%,3
27Q262,CHANNEL VIEW SCHOOL FOR RESEARCH,74,432,419,401,432,968929,x234,78%,2
27Q302,"QUEENS HIGH SCHOOL FOR INFORMATION, RESEARCH, AND TECHNOLOGY",44,391,401,364,391,292533,x345,85%,4
27Q308,ROBERT H. GODDARD HIGH SCHOOL OF COMMUNICATION ARTS AND TECHNOLOGY,93,423,426,416,423,676177,x345,N/A,4
27Q309,ACADEMY OF MEDICAL TECHNOLOGY: A COLLEGE BOARD SCHOOL,36,367,379,348,367,933051,,92%,
27Q323,SCHOLARS' ACADEMY,89,499,537,496,499,291769,x123,78%,3
27Q400,AUGUST MARTIN HIGH SCHOOL,101,377,371,360,377,691098,x234,78%,4
27Q410,BEACH CHANNEL HIGH SCHOOL,78,384,396,354,384,503694,x234,N/A,1
27Q475,RICHMOND HILL HIGH SCHOOL,404,382,404,368,382,156250,x345,78%,4
27Q480,JOHN ADAMS HIGH SCHOOL,403,391,409,392,391,863765,,92%,1
27Q650,"HIGH SCHOOL FOR CONSTRUCTION TRADES, ENGINEERING AND ARCHITECTURE",194,429,491,425,429,776444,x123,85%,3
28Q284,YORK EARLY COLLEGE ACADEMY,s,s,s,s,s,965048,x345,78%,4
28Q310,QUEENS COLLEGIATE: A COLLEGE BOARD SCHOOL,68,420,445,400,420,880835,x234,78%,4
28Q325,HILLSIDE ARTS & LETTERS ACADEMY,s,s,s,s,s,267544,x345,92%,1
28Q338,QUEENS SATELLITE HIGH SCHOOL FOR OPPORTUNITY,6,403,408,367,403,553915,x345,92%,4
28Q350,JAMAICA GATEWAY TO THE SCIENCES,25,430,452,425,430,904223,x234,78%,2
28Q440,FOREST HILLS HIGH SCHOOL,762,456,497,454,456,597825,x234,78%,1
28Q470,JAMAICA HIGH SCHOOL,90,342,999,353,342,587904,x234,92%,3
28Q505,HILLCREST HIGH SCHOOL,462,395,413,386,395,317746,x123,85%,2
28Q620,THOMAS A. EDISON CAREER AND TECHNICAL EDUCATION HIGH SCHOOL,422,452,478,442,452,353160,x123,85%,2
28Q680,QUEENS GATEWAY TO HEALTH SCIENCES SECONDARY SCHOOL,99,513,523,502,513,745665,x345,85%,1
28Q686,QUEENS METROPOLITAN HIGH SCHOOL,s,s,s,s,s,973896,,78%,3
28Q687,QUEENS HIGH SCHOOL FOR THE SCIENCES AT YORK COLLEGE,121,612,660,596,612,936593,,92%,2
28Q690,HIGH SCHOOL FOR LAW ENFORCEMENT AND PUBLIC SAFETY,74,406,406,384,406,216035,x234,N/A,4
28Q896,"YOUNG WOMEN'S LEADERSHIP SCHOOL, QUEENS",68,439,445,432,439,597664,x123,92%,1
29Q248,QUEENS PREPARATORY ACADEMY,52,360,380,359,360,505363,x123,85%,
29Q259,PATHWAYS COLLEGE PREPARATORY SCHOOL: A COLLEGE BOARD SCHOOL,46,401,397,375,401,231477,,92%,1
29Q265,EXCELSIOR PREPARATORY HIGH SCHOOL,49,402,398,402,402,268657,x123,85%,
29Q272,GEORGE WASHINGTON CARVER HIGH SCHOOL FOR THE SCIENCES,59,436,427,424,436,458826,x123,92%,2
29Q283,PREPARATORY ACADEMY FOR WRITERS: A COLLEGE BOARD SCHOOL,43,370,1100,363,370,462173,x345,85%,3
29Q326,CAMBRIA HEIGHTS ACADEMY,s,s,s,s,s,666479,x123,78%,
29Q492,"MATHEMATICS, SCIENCE RESEARCH AND TECHNOLOGY MAGNET HIGH SCHOOL",78,400,426,394,400,790855,x345,92%,
29Q494,"LAW, GOVERNMENT AND COMMUNITY SERVICE HIGH SCHOOL",52,385,377,377,385,245490,x123,85%,
29Q496,"BUSINESS, COMPUTER APPLICATIONS & ENTREPRENEURSHIP HIGH SCHOOL",49,379,414,359,379,455709,x123,N/A,3
29Q498,HUMANITIES & ARTS MAGNET HIGH SCHOOL,62,393,381,377,393,341277,x123,78%,
30Q286,"YOUNG WOMEN'S LEADERSHIP SCHOOL, ASTORIA",s,s,s,s,s,336296,,78%,2
30Q301,ACADEMY FOR CAREERS IN TELEVISION AND FILM,98,410,440,405,410,515061,x123,78%,4
30Q445,WILLIAM CULLEN BRYANT HIGH SCHOOL,395,414,449,412,414,894217,,85%,4
30Q450,LONG ISLAND CITY HIGH SCHOOL,392,403,420,395,403,352878,x345,92%,3
30Q501,FRANK SINATRA SCHOOL OF THE ARTS HIGH SCHOOL,174,504,496,494,504,794171,,92%,2
30Q502,INFORMATION TECHNOLOGY HIGH SCHOOL,148,407,434,398,407,730551,x345,N/A,4
30Q555,NEWCOMERS HIGH SCHOOL,143,323,475,329,323,305938,x123,78%,2
30Q575,ACADEMY OF AMERICAN STUDIES,135,487,492,491,487,180221,x345,N/A,4
30Q580,BACCALAUREATE SCHOOL FOR GLOBAL EDUCATION,61,524,568,544,524,595723,x345,78%,3
31R047,CSI HIGH SCHOOL FOR INTERNATIONAL STUDIES,137,452,451,450,452,654645,x345,92%,4
31R064,GAYNOR MCCOWN EXPEDITIONARY LEARNING SCHOOL,61,398,412,385,398,140691,x123,92%,1
31R080,THE MICHAEL J. PETRIDES SCHOOL,107,472,488,466,472,844244,x123,N/A,1
31R440,NEW DORP HIGH SCHOOL,391,424,437,416,424,909567,x345,92%,1
31R445,PORT RICHMOND HIGH SCHOOL,271,424,438,417,424,145678,x234,N/A,3
31R450,CURTIS HIGH SCHOOL,375,437,435,429,437,315495,x234,92%,4
31R455,TOTTENVILLE HIGH SCHOOL,807,462,486,470,462,308512,x123,92%,
31R460,SUSAN E. WAGNER HIGH SCHOOL,535,455,474,459,455,240660,x123,N/A,2
31R470,CONCORD HIGH SCHOOL,10,466,455,414,466,974386,,N/A,3
31R600,RALPH R. MCKEE CAREER AND TECHNICAL EDUCATION HIGH SCHOOL,94,416,422,397,416,730239,x234,85%,3
31R605,STATEN ISLAND TECHNICAL HIGH SCHOOL,227,635,682,636,635,739097,x123,N/A,2
31R607,YOUNG ADULT BOROUGH CENTER AT STATEN IS TECH HS,10,405,375,370,405,653176,x345,78%,1
32K403,ACADEMY FOR ENVIRONMENTAL LEADERSHIP,50,380,366,352,380,501650,x345,92%,
32K545,EBC HIGH SCHOOL FOR PUBLIC SERVICEâ€“BUSHWICK,88,384,409,361,384,221431,,85%,3
32K549,BUSHWICK SCHOOL FOR SOCIAL JUSTICE,75,348,353,334,348,954491,x234,85%,3
32K552,ACADEMY OF URBAN PLANNING,67,342,364,354,342,695572,x234,92%,3
32K554,ALL CITY LEADERSHIP SECONDARY SCHOOL,39,428,465,422,428,587220,,N/A,2
32K556,BUSHWICK LEADERS HIGH SCHOOL FOR ACADEMIC EXCELLENCE,23,347,358,350,347,658210,,92%,2
32K564,BUSHWICK COMMUNITY HIGH SCHOOL,24,359,317,358,359,898918,,92%,4
75K371,P.S. 371 s LILLIAN L. RASHKIS,s,s,s,s,s,240795,x234,85%,1
75M035,P.S. 035,s,s,s,s,s,861847,x123,N/A,4
75Q256,P.S. Q256,s,s,s,s,s,320205,x234,85%,1
75Q811,P.S. Q811,32,429,444,433,429,467937,x123,78%,1
75R025,SOUTH RICHMOND HIGH SCHOOL I.S./P.S. 25,s,s,s,s,s,789985,,78%,1
75X012,P.S. X012 LEWIS AND CLARK SCHOOL,s,s,s,s,s,733698,x234,92%,1
75X754,J. M. RAPPORT SCHOOL CAREER DEVELOPMENT,s,s,s,s,s,976034,x345,N/A,4
79M645,SCHOOL FOR COOPERATIVE TECHNICAL EDUCATION,s,s,s,s,s,556924,x123,85%,1
79Q950,GED PLUS s CITYWIDE,8,496,400,426,496,544514,x234,92%,2
79X490,PHOENIX ACADEMY,9,367,370,360,367,248647,x234,85%,
14K685,EL PUENTE ACADEMY FOR PEACE AND JUSTICE,28,359,335,341,359,688392,x345,92%,4
13K605,GEORGE WESTINGHOUSE CAREER AND TECHNICAL EDUCATION HIGH SCHOOL,85,406,391,392,406,937579,x234,N/A,
27Q480,JOHN ADAMS HIGH SCHOOL,403,391,409,392,391,863765,,92%,1
07X221,SOUTH BRONX PREPARATORY: A COLLEGE BOARD SCHOOL,65,364,378,348,364,277389,x345,92%,
19K420,FRANKLIN K. LANE HIGH SCHOOL,s,s,s,s,s,134918,,78%,3
09X525,BRONX LEADERSHIP ACADEMY HIGH SCHOOL,114,384,394,388,384,906925,x234,92%,1
02M520,MURRY BERGTRAUM HIGH SCHOOL FOR BUSINESS CAREERS,264,407,440,393,407,892839,,92%,2
17K543,"SCIENCE, TECHNOLOGY AND RESEARCH EARLY COLLEGE HIGH SCHOOL AT ERASMUS",69,457,462,441,457,999398,x345,85%,
02M419,LANDMARK HIGH SCHOOL,62,390,399,381,390,166135,x123,78%,2
05M304,MOTT HALL HIGH SCHOOL,54,413,399,398,413,296405,x123,78%,2
27Q480,JOHN ADAMS HIGH SCHOOL,403,391,409,392,391,863765,,92%,1
13K605,GEORGE WESTINGHOUSE CAREER AND TECHNICAL EDUCATION HIGH SCHOOL,85,406,391,392,406,937579,x234,N/A,
05M304,MOTT HALL HIGH SCHOOL,54,413,399,398,413,296405,x123,78%,2
02M520,MURRY BERGTRAUM HIGH SCHOOL FOR BUSINESS CAREERS,264,407,440,393,407,892839,,92%,2
07X221,SOUTH BRONX PREPARATORY: A COLLEGE BOARD SCHOOL,65,364,378,348,364,277389,x345,92%,
